path,                            name


== religion

078-martin_luther_king_jr.png,   Martin Luther King Jr.
039-mother_teresa.png,           Mother Teresa


== philosophy

018-archimedes.png,              Archimedes
054-socrates.png,                Socrates
051-pythagoras.png,              Pythagoras
058-aristotle.png,               Aristotle
059-plato.png,                   Plato
069-friedrich_nietzsche.png,     Friedrich Nietzsche

== politics

003-mahatma_gandhi.png,         Mahatma Ghandi
024-nelson_mandela.png,         Nelson Mandela
056-napoleon_bonaparte.png,     Napoleon Bonaparte



== science / mathematics

006-marie_curie.png
008-alexander_fleming.png
009-galileo_galilei.png
011-isaac_newton.png
015-albert_einstein.png
012-charles_darwin.png
021-sigmund_freud.png
048-johannes_kepler.png
049-nicolaus_copernicus.png
060-gregor_mendel.png


== geography / discoverers

057-christopher_columbus.png


== literature / writers

045-dante_alighieri.png
025-william_shakespeare.png


== cinema / actors

081-marilyn_monroe.png



== music / classic

027-wolfgang_amadeus_mozart.png
052-ludwig_van_beethoven.png
068-johann_sebastian_bach.png



== music / pop-n-rock

067-michael_jackson.png
076-freddie_mercury.png
087-elvis_presley.png
083-jimi_hendrix.png



== art / classic

001-leonardo_da_vinci.png
007-sandro_botticelli.png
022-michelangelo_buonarroti.png
023-johannes_vermeer.png


== art / modern

002-frida_kahlo.png
004-pablo_picasso.png
010-vincent_van_gogh.png
014-salvador_dal.png,          Salvador Dali
028-gustav_klimt.png
061-jean-michel_basquiat.png



== innovators / inventors

013-johannes_gutenberg.png
026-karl_benz.png
030-thomas_alva_edison.png
046-nikola_tesla.png


== business

090-steve_jobs.png
085-henry_ford.png
084-enzo_ferrari.png



== sports / football

066-diego_armando_maradona.png

== sports / formula 1

077-ayrton_senna.png


